{"n": 4, "x": [0.0, 0.2, 0.8, 1.0], "y": [0.2, 0.6000000000000001, 0.8, 1.0], "obj": 0.8070666666666532, "tiempo": 0.37505340576171875}