{"n": 5, "x": [595.0, 787.0, 883.0, 979.0, 1075.0], "y": [0.601, 0.601, 1.2282, 0.601, 0.601], "obj": 5.927733333332003, "tiempo": 2.6584856510162354}