{"n": 3, "x": [0.0, 68880.0, 86100.0], "y": [703.0, 877.0, 703.0], "obj": 15993.02961672479, "tiempo": 0.6123631000518799}