{"n": 2, "x": [595.0, 1075.0], "y": [0.601, 0.601], "obj": 9.996000000000002, "tiempo": 0.016489267349243164}