{"n": 5, "x": [0.0, 17220.0, 34440.0, 68880.0, 86100.0], "y": [703.0, 703.0, 877.0, 877.0, 703.0], "obj": 13818.149825783963, "tiempo": 14.059244632720947}