{"n": 5, "x": [595.0, 861.6666666666667, 915.0, 968.3333333333334, 1075.0], "y": [0.601, 0.7752222222222223, 1.6463333333333332, 0.601, 0.601], "obj": 4.698999999988935, "tiempo": 1289.3310792446136}