{"n": 2, "x": [0.0, 86100.0], "y": [703.0, 877.0], "obj": 32169.07665505226, "tiempo": 0.028634071350097656}