{"n": 2, "x": [0.859905, 0.9995], "y": [12.433, 18.968956], "obj": 83.76117429776137, "tiempo": 0.005332469940185547}