{"n": 0, "x": [], "y": [], "obj": 5.927733333332003, "tiempo": 2.5446364879608154}