{"n": 6, "x": [0.0, 17220.0, 34440.0, 51660.0, 68880.0, 86100.0], "y": [703.0, 703.0, 964.0, 790.0, 877.0, 703.0], "obj": 11521.752613240289, "tiempo": 21.380080699920654}