{"n": 2, "x": [0.859905, 0.9995], "y": [12.433, 28.77289], "obj": 72.64626809305487, "tiempo": 0.0}