{"n": 4, "x": [0.859905, 0.943662, 0.971581, 0.9995], "y": [12.433, 15.700978, 15.700978, 25.504912], "obj": 57.47008964962923, "tiempo": 0.09286665916442871}