{"n": 6, "x": [0.0, 0.6, 1.2, 1.7999999999999998, 2.4, 3.0], "y": [0.0, 3.0, 0.0, 3.0, 3.0, 0.0], "obj": 0.0, "tiempo": 0.015912294387817383}