{"n": 4, "x": [0.859905, 0.943662, 0.971581, 0.9995], "y": [12.433, 15.700978, 15.700978, 25.504912], "obj": 15.320245941831939, "tiempo": 0.29811930656433105}