{"n": 4, "x": [0.0, 1.2, 1.7999999999999998, 3.0], "y": [0.0, 1.2, 3.0, 0.0], "obj": 0.4999999999999756, "tiempo": 0.12362051010131836}