{"n": 4, "x": [0.0, 17220.0, 34440.0, 86100.0], "y": [703.0, 703.0, 877.0, 790.0], "obj": 15028.79442508711, "tiempo": 0.20413494110107422}