{"n": 2, "x": [0.0, 1.0], "y": [0.2, 1.0], "obj": 1.5031400000000001, "tiempo": 0.005958080291748047}