{"n": 4, "x": [595.0, 715.0, 835.0, 1075.0], "y": [0.601, 0.601, 0.993, 0.601], "obj": 8.986666666666665, "tiempo": 0.2003157138824463}