{"n": 5, "x": [0.859905, 0.8878240000000001, 0.943662, 0.971581, 0.9995], "y": [12.433, 12.433, 15.700978, 15.700978, 25.504912], "obj": 16.586175793903873, "tiempo": 0.8382596969604492}