{"n": 4, "x": [595.0, 861.6666666666667, 1021.6666666666667, 1075.0], "y": [0.601, 0.7752222222222223, 0.601, 0.601], "obj": 7.295481481480128, "tiempo": 38.91900157928467}