{"n": 3, "x": [0.859905, 0.943662, 0.9995], "y": [12.433, 15.700978, 22.236934], "obj": 63.84741619499259, "tiempo": 0.02502608299255371}