{"n": 5, "x": [0.859905, 0.8878240000000001, 0.943662, 0.971581, 0.9995], "y": [12.433, 12.433, 15.700978, 15.700978, 25.504912], "obj": 58.73601950170129, "tiempo": 0.007267475128173828}