{"n": 3, "x": [595.0, 883.0, 1075.0], "y": [0.601, 0.9146, 0.601], "obj": 8.182444444444428, "tiempo": 0.06974315643310547}