{"n": 5, "x": [0.0, 1.2, 1.7999999999999998, 2.4, 3.0], "y": [0.0, 1.2, 3.0, 3.0, 0.0], "obj": -3.1175062531474396e-13, "tiempo": 0.3762993812561035}