{"n": 4, "x": [0.0, 17220.0, 34440.0, 86100.0], "y": [703.0, 703.0, 877.0, 790.0], "obj": 14968.61324041812, "tiempo": 3.7499542236328125}