{"n": 0, "x": [], "y": [], "obj": 7.344711111111024, "tiempo": 0.8348054885864258}