{"n": 4, "x": [595.0, 883.0, 979.0, 1075.0], "y": [0.601, 0.9146, 0.601, 0.601], "obj": 7.344711111111111, "tiempo": 0.041394710540771484}