{"n": 4, "x": [595.0, 787.0, 883.0, 1075.0], "y": [0.601, 0.601, 1.1236666666666668, 0.601], "obj": 7.7597777777777734, "tiempo": 0.2084355354309082}