{"n": 4, "x": [0.0, 0.2, 0.8, 1.0], "y": [0.2, 0.6000000000000001, 0.8, 1.0], "obj": 0.807066666666667, "tiempo": 0.0010516643524169922}