{"n": 4, "x": [0.0, 0.2, 0.8, 1.0], "y": [0.2, 0.6000000000000001, 0.8, 1.0], "obj": 4.465066666666667, "tiempo": 0.018788576126098633}