{"n": 6, "x": [0.0, 0.2, 0.4, 0.6000000000000001, 0.8, 1.0], "y": [0.2, 0.6000000000000001, 0.6000000000000001, 0.8, 0.8, 1.0], "obj": 4.211499999999999, "tiempo": 0.029116153717041016}