{"n": 2, "x": [0.859905, 0.9995], "y": [12.433, 18.968956], "obj": 30.085019383760173, "tiempo": 0.0}