{"n": 7, "x": [595.0, 675.0, 755.0, 835.0, 915.0, 995.0, 1075.0], "y": [0.601, 0.601, 0.601, 0.9146, 1.5417999999999998, 0.601, 0.601], "obj": 6.6675999999999656, "tiempo": 27.762676000595093}