{"n": 3, "x": [0.0, 2.4, 3.0], "y": [0.0, 3.0, 0.0], "obj": 0.7500000000000036, "tiempo": 0.026329994201660156}