{"n": 6, "x": [0.0, 0.6, 1.2, 1.7999999999999998, 2.4, 3.0], "y": [0.0, 3.0, 0.0, 3.0, 3.0, 0.0], "obj": -8.979483823168266e-13, "tiempo": 0.6224846839904785}