{"n": 2, "x": [0.0, 86100.0], "y": [703.0, 877.0], "obj": 21646.261324041814, "tiempo": 0.07248854637145996}