{"n": 3, "x": [0.0, 0.8, 1.0], "y": [0.4, 0.8, 1.0], "obj": 1.0743999999999962, "tiempo": 0.04921412467956543}